NIF,NOMBRE,NSS,EMAIL
02415632B,Nicholas Snell,2333332333-49,Nicholas_Snell3609@kideod.biz
00764059E,Chester Doherty,3434343433-39,Chester_Doherty4635@nickia.com
22028789X,Aiden Porter,1238927834-87,Aiden_Porter8792@mafthy.com
88230240D,Harry Zaoui,8274792048-50,Harry_Zaoui6238@nimogy.biz
24266746K,Kirsten Quinton,3233521536-55,Kirsten_Quinton6972@sheye.org
67775246L,Manuel Clarke,9883635621-71,Manuel_Clarke7749@extex.org
11633647V,Emely Mills,9029374715-26,Emely_Mills6843@atink.com
53223410F,Bart London,2152363743-91,Bart_London6923@fuliss.net
58598118Y,Doris Boyle,9438272625-62,Doris_Boyle680@deons.tech
52090079R,Caleb Cork,9123456788-53,Caleb_Cork6647@corti.com
65877516L,Denis Thomas,5261282389-61,Denis_Thomas7076@vetan.org
30849670T,Ivette Bailey,1919191919-68,Ivette_Bailey1081@gmail.com
76900212B,Hope Daniells,2371892137-25,Hope_Daniells3748@mafthy.com
25353062R,Kamila Nicholls,8327846365-23,Kamila_Nicholls5422@womeona.net
65535844N,Owen Fox,6327218276-38,Owen_Fox4464@eirey.tech
80908121D,Eduardo Thomson,6327218276-39,Eduardo_Thomson8946@hourpy.biz
76093728E,Rufus Denton,6327318276-40,Rufus_Denton8452@eirey.tech
02250244Q,Dasha Milner,6327218276-41,Dasha_Milner6075@iatim.tech
51748115R,Ronald Burge,6327218276-42,Ronald_Burge2981@infotech44.tech
33004269M,Paige Mills,6327238276-43,Paige_Mills2304@dionrab.com
52405030J,Hank Powell,6327218276-44,Hank_Powell9597@nanoff.biz
12104454Z,Alice Cameron,6327218276-45,Alice_Cameron6281@zorer.org
10264495D,Alan Harvey,6327218276-46,Alan_Harvey7320@kideod.biz
60844497K,Nathan London,6327218276-47,Nathan_London140@kideod.biz
53551117X,Elijah Lee,6327218276-48,Elijah_Lee5323@womeona.net
38353118C,Beatrice Attwood,6327218276-49,Beatrice_Attwood5988@nickia.com
73230193X,Clarissa Robertson,6327218276-50,Clarissa_Robertson9674@atink.com
04471968D,David Lindop,6327218276-51,David_Lindop8598@dionrab.com
98247200D,Chadwick Lakey,6327218276-52,Chadwick_Lakey4675@qater.org
97376361L,Evelynn Khan,6327218276-53,Evelynn_Khan3650@bauros.biz
